Symbol,Description,Last,Net Chng,%Change,Volume,Bid,Ask,High,Low,Delta,Gamma,Theta,Vega,Open.Int
.CHPT221014P13.5,CHPT 100 (Weeklys) 14 OCT 22 13.5 PUT,.41,-.06,-12.77%,"21,795",.40,.43,.88,.36,-.41,.29,-.10,.00,"21,192"
.AAL221014C12.5,AAL 100 (Weeklys) 14 OCT 22 12.5 CALL,.31,+.07,+29.17%,"14,820",.30,.31,.64,.16,.42,.38,-.08,.00,"20,242"
.TSLA221014P210,TSLA 100 (Weeklys) 14 OCT 22 210 PUT,3.60,+.93,+34.83%,"45,667",3.55,3.70,4.35,1.73,-.34,.02,-1.07,.07,"15,478"
.NCLH221014P11.5,NCLH 100 (Weeklys) 14 OCT 22 11.5 PUT,.41,+.07,+20.59%,"4,871",.40,.42,.66,.29,-.44,.33,-.09,.00,"15,351"
.INTC221014P25,INTC 100 (Weeklys) 14 OCT 22 25 PUT,.55,-.01,-1.79%,"4,957",.55,.56,.75,.38,-.47,.27,-.11,.01,"14,672"
.CCL221014P6.5,CCL 100 (Weeklys) 14 OCT 22 6.5 PUT,.19,-.14,-42.42%,"4,331",.18,.19,.51,.16,-.40,.63,-.05,.00,"13,611"
.SOFI221014P5,SOFI 100 (Weeklys) 14 OCT 22 5 PUT,.16,-.02,-11.11%,"5,087",.16,.18,.31,.10,-.49,.96,-.03,.00,"12,367"
.PBR221014C14,PBR 100 (Weeklys) 14 OCT 22 14 CALL,.27,-.21,-43.75%,165,.20,.47,.44,.25,.50,.46,-.06,.00,"12,032"
.MARA221014P10.5,MARA 100 (Weeklys) 14 OCT 22 10.5 PUT,.69,+.08,+13.11%,"2,045",.66,.70,.98,.47,-.48,.24,-.13,.00,"11,338"
.ZM221014C75,ZM 100 (Weeklys) 14 OCT 22 75 CALL,1.50,-.20,-11.76%,"1,159",1.40,1.52,1.78,.60,.41,.08,-.38,.03,"10,218"
.DISH221014P13,DISH 100 (Weeklys) 14 OCT 22 13 PUT,.30,+.10,+50.00%,76,.20,.35,.39,.30,-.32,.29,-.08,.00,"10,074"
.SNAP221014C10.5,SNAP 100 (Weeklys) 14 OCT 22 10.5 CALL,.28,-.06,-17.65%,"3,123",.27,.29,.44,.14,.44,.43,-.07,.00,"9,621"
.TWTR221014C50,TWTR 100 (Weeklys) 14 OCT 22 50 CALL,.60,-.45,-42.86%,"5,228",.56,.57,1.02,.55,.50,.28,-.11,.02,"9,391"
.AMD221014C60,AMD 100 (Weeklys) 14 OCT 22 60 CALL,.82,-.16,-16.33%,"38,882",.80,.82,1.26,.51,.32,.09,-.27,.02,"9,061"
.AAPL221014C140,AAPL 100 (Weeklys) 14 OCT 22 140 CALL,1.96,-.96,-32.88%,"39,755",1.95,1.97,3.25,1.75,.45,.07,-.46,.05,"8,442"
.AMC221014P6,AMC 100 (Weeklys) 14 OCT 22 6 PUT,.25,+.04,+19.05%,"4,598",.23,.24,.29,.16,-.39,.48,-.06,.00,"8,330"
.F221014P11.5,F 100 (Weeklys) 14 OCT 22 11.5 PUT,.26,-.12,-31.58%,"7,563",.26,.27,.48,.16,-.46,.55,-.06,.00,"8,214"
.TSLA221014P215,TSLA 100 (Weeklys) 14 OCT 22 215 PUT,5.60,+1.60,+40.00%,"51,146",5.50,5.60,6.45,2.83,-.47,.03,-1.13,.08,"7,994"
.UAL221014C35,UAL 100 (Weeklys) 14 OCT 22 35 CALL,.65,-.10,-13.33%,"3,307",.61,.66,1.56,.32,.36,.14,-.19,.01,"7,394"
.AMZN221014P110,AMZN 100 (Weeklys) 14 OCT 22 110 PUT,1.58,+.35,+28.46%,"37,305",1.55,1.63,2.44,.80,-.35,.06,-.46,.04,"7,345"
.SNAP221014P10,SNAP 100 (Weeklys) 14 OCT 22 10 PUT,.24,+.03,+14.29%,"7,714",.23,.25,.45,.16,-.35,.39,-.07,.00,"6,926"
.ET221014P11.5,ET 100 (Weeklys) 14 OCT 22 11.5 PUT,.20,-.10,-33.33%,"4,937",.19,.21,.47,.15,-.47,.73,-.04,.00,"6,817"
.AAPL221014P139,AAPL 100 (Weeklys) 14 OCT 22 139 PUT,2.46,+.37,+17.70%,"27,343",2.42,2.47,2.94,1.52,-.48,.06,-.48,.05,"6,813"
.GME221014P25,GME 100 (Weeklys) 14 OCT 22 25 PUT,.84,-.26,-23.64%,"3,806",.80,.85,1.61,.53,-.43,.16,-.19,.01,"6,616"
.UPST221014P22,UPST 100 (Weeklys) 14 OCT 22 22 PUT,.74,-.66,-47.14%,"3,462",.73,.74,1.91,.55,-.32,.11,-.22,.01,"6,612"
.AMC221014C6.5,AMC 100 (Weeklys) 14 OCT 22 6.5 CALL,.17,-.13,-43.33%,"11,340",.15,.17,.35,.14,.35,.51,-.05,.00,"6,326"
.MU221014C55,MU 100 (Weeklys) 14 OCT 22 55 CALL,.78,+.56,+254.55%,"4,380",.78,.80,1.30,.12,.37,.12,-.23,.02,"6,221"
.AA221014P37,AA 100 (Weeklys) 14 OCT 22 37 PUT,.87,+.36,+70.59%,34,.76,.82,1.03,.48,-.37,.13,-.21,.01,"6,214"
.LOW221014P192.5,LOW 100 (Weeklys) 14 OCT 22 192.5 PUT,1.33,-.92,-40.89%,10,1.75,2.02,1.89,1.33,-.32,.04,-.60,.06,"6,106"
.PLTR221014P8,PLTR 100 (Weeklys) 14 OCT 22 8 PUT,.21,0,0.00%,"4,741",.20,.22,.40,.12,-.47,.72,-.04,.00,"5,777"
.INTC221014P24.5,INTC 100 (Weeklys) 14 OCT 22 24.5 PUT,.34,-.03,-8.11%,"8,029",.34,.35,.50,.27,-.34,.25,-.10,.01,"5,745"
.AAPL221014C142,AAPL 100 (Weeklys) 14 OCT 22 142 CALL,1.13,-.79,-41.15%,"39,290",1.12,1.18,2.17,1.04,.32,.06,-.39,.04,"5,720"
.BAC221014C30.5,BAC 100 (Weeklys) 14 OCT 22 30.5 CALL,.38,-.42,-52.50%,"3,083",.37,.40,.66,.33,.35,.22,-.12,.01,"5,568"
.AAPL221014P137,AAPL 100 (Weeklys) 14 OCT 22 137 PUT,1.65,+.27,+19.57%,"13,301",1.60,1.64,2.06,.98,-.36,.06,-.46,.05,"5,555"
.KHC221014C35,KHC 100 (Weeklys) 14 OCT 22 35 CALL,.45,+.25,+125.00%,"6,306",.44,.47,.46,.11,.49,.33,-.09,.01,"5,516"
.AMZN221014P112,AMZN 100 (Weeklys) 14 OCT 22 112 PUT,2.41,+.46,+23.59%,"24,000",2.37,2.45,3.45,1.28,-.47,.06,-.49,.04,"5,504"
.T221014C15,T 100 (Weeklys) 14 OCT 22 15 CALL,.11,-.06,-35.29%,"2,891",.10,.12,.16,.08,.35,.77,-.03,.00,"5,404"
.AAPL221014P138,AAPL 100 (Weeklys) 14 OCT 22 138 PUT,2.07,+.33,+18.97%,"22,545",1.98,2.03,2.48,1.22,-.42,.06,-.48,.05,"5,403"
.AGNC221014P8,AGNC 100 (Weeklys) 14 OCT 22 8 PUT,.18,-.45,-71.43%,"5,021",.16,.18,.67,.15,-.37,.59,-.05,.00,"5,036"
.CHPT221014C14,CHPT 100 (Weeklys) 14 OCT 22 14 CALL,.40,-.10,-20.00%,"1,677",.38,.41,.49,.21,.44,.31,-.10,.00,"4,901"
.AMZN221014C115,AMZN 100 (Weeklys) 14 OCT 22 115 CALL,1.37,-.67,-32.84%,"24,316",1.36,1.42,2.89,.92,.34,.06,-.44,.04,"4,752"
.AAPL221014C141,AAPL 100 (Weeklys) 14 OCT 22 141 CALL,1.50,-.91,-37.76%,"28,014",1.50,1.54,2.70,1.36,.38,.07,-.43,.05,"4,620"
.AMD221014P56,AMD 100 (Weeklys) 14 OCT 22 56 PUT,1.09,-.06,-5.22%,"22,714",1.07,1.10,1.84,.71,-.33,.07,-.33,.02,"4,581"
.XOM221014P97,XOM 100 (Weeklys) 14 OCT 22 97 PUT,1.28,+.13,+11.30%,"2,708",1.23,1.29,2.00,.72,-.40,.09,-.33,.03,"4,516"
.FCX221014C30,FCX 100 (Weeklys) 14 OCT 22 30 CALL,.40,-.10,-20.00%,"2,497",.38,.42,.66,.18,.34,.20,-.13,.01,"4,504"
.AMD221014P58,AMD 100 (Weeklys) 14 OCT 22 58 PUT,1.98,+.03,+1.54%,"18,041",1.94,1.96,2.96,1.36,-.49,.08,-.37,.02,"4,427"
.BAC221014P29,BAC 100 (Weeklys) 14 OCT 22 29 PUT,.41,+.20,+95.24%,"1,130",.41,.43,.46,.23,-.33,.19,-.13,.01,"4,394"
.MSFT221014P225,MSFT 100 (Weeklys) 14 OCT 22 225 PUT,3.95,+1.26,+46.84%,"9,527",3.75,3.95,4.64,2.40,-.47,.04,-.78,.08,"4,380"
.MARA221014C11,MARA 100 (Weeklys) 14 OCT 22 11 CALL,.42,-.17,-28.81%,"5,630",.39,.42,.61,.31,.40,.25,-.12,.00,"4,331"
.GOOG221014P98,GOOG 100 (Weeklys) 14 OCT 22 98 PUT,1.86,+.29,+18.47%,"1,217",1.81,1.87,2.25,1.04,-.48,.09,-.36,.03,"4,258"
.AAL221014P12,AAL 100 (Weeklys) 14 OCT 22 12 PUT,.29,-.08,-21.62%,"4,860",.29,.30,.52,.15,-.39,.37,-.08,.00,"4,230"
.EBAY221014P37,EBAY 100 (Weeklys) 14 OCT 22 37 PUT,.80,+.16,+25.00%,76,.74,.77,.85,.47,-.49,.21,-.15,.01,"4,129"
.BBBY221014C5.5,BBBY 100 (Weeklys) 14 OCT 22 5.5 CALL,.13,-.04,-23.53%,"4,432",.12,.14,.20,.05,.30,.49,-.05,.00,"4,047"
.INTC221014C25.5,INTC 100 (Weeklys) 14 OCT 22 25.5 CALL,.37,-.12,-24.49%,"3,059",.36,.37,.55,.27,.39,.27,-.10,.01,"3,960"
.XOM221014P98,XOM 100 (Weeklys) 14 OCT 22 98 PUT,1.71,+.18,+11.76%,"1,968",1.63,1.74,2.45,1.02,-.49,.09,-.33,.03,"3,896"
.KSS221014P27,KSS 100 (Weeklys) 14 OCT 22 27 PUT,.62,-.15,-19.48%,95,.66,.73,.90,.39,-.48,.23,-.14,.01,"3,878"
.NVDA221014P115,NVDA 100 (Weeklys) 14 OCT 22 115 PUT,3.10,+.05,+1.64%,"14,632",3.05,3.15,4.85,2.22,-.44,.04,-.68,.04,"3,871"
.NVDA221014C120,NVDA 100 (Weeklys) 14 OCT 22 120 CALL,1.80,-.55,-23.40%,"19,604",1.81,1.84,2.91,1.16,.33,.04,-.60,.04,"3,860"
.AMD221014P57,AMD 100 (Weeklys) 14 OCT 22 57 PUT,1.48,-.01,-0.67%,"23,896",1.46,1.49,2.36,1.00,-.40,.08,-.36,.02,"3,851"
.AMD221014C59,AMD 100 (Weeklys) 14 OCT 22 59 CALL,1.16,-.19,-14.07%,"15,336",1.16,1.18,1.73,.74,.41,.10,-.31,.02,"3,755"
.BP221014C30.5,BP 100 (Weeklys) 14 OCT 22 30.5 CALL,.28,-.27,-49.09%,246,.26,.28,.51,.26,.32,.27,-.09,.01,"3,752"
.BBBY221014P5,BBBY 100 (Weeklys) 14 OCT 22 5 PUT,.26,+.14,+116.67%,"4,416",.23,.27,.33,.11,-.44,.56,-.05,.00,"3,712"
.TSLA221014C220,TSLA 100 (Weeklys) 14 OCT 22 220 CALL,4.70,-4.22,-47.31%,"42,436",4.70,4.80,10.00,4.25,.41,.02,-1.25,.07,"3,666"
.BP221014C30,BP 100 (Weeklys) 14 OCT 22 30 CALL,.47,-.36,-43.37%,97,.45,.48,.74,.45,.46,.29,-.10,.01,"3,602"
.CLF221014C15.5,CLF 100 (Weeklys) 14 OCT 22 15.5 CALL,.37,-.20,-35.09%,"1,468",.36,.39,.56,.30,.46,.36,-.09,.01,"3,590"
.META221014P125,META 100 (Weeklys) 14 OCT 22 125 PUT,1.81,+1.06,+141.33%,"9,760",1.76,1.80,2.57,.95,-.32,.04,-.56,.04,"3,542"
.FCX221014P29,FCX 100 (Weeklys) 14 OCT 22 29 PUT,.57,-.16,-21.92%,63,.74,.78,1.07,.50,-.45,.19,-.16,.01,"3,469"
.PFE221014P41.5,PFE 100 (Weeklys) 14 OCT 22 41.5 PUT,.42,-.07,-14.29%,"1,340",.40,.44,.62,.21,-.39,.26,-.11,.01,"3,406"
.U221014P31,U 100 (Weeklys) 14 OCT 22 31 PUT,1.24,+.27,+27.84%,954,1.16,1.24,1.85,.87,-.46,.13,-.24,.01,"3,291"
.NKLA221014C3,NKLA 100 (Weeklys) 14 OCT 22 3 CALL,.12,-.01,-7.69%,"3,958",.10,.11,.17,.06,.49,1.40,-.02,.00,"3,268"
.SHOP221014P25,SHOP 100 (Weeklys) 14 OCT 22 25 PUT,.70,+.21,+42.86%,"1,041",.69,.72,1.06,.48,-.37,.15,-.19,.01,"3,235"
.XOM221014C100,XOM 100 (Weeklys) 14 OCT 22 100 CALL,.85,-.54,-38.85%,"3,081",.81,.86,1.62,.53,.32,.09,-.27,.03,"3,153"
.DAL221014C29.5,DAL 100 (Weeklys) 14 OCT 22 29.5 CALL,.68,-.30,-30.61%,"1,259",.68,.70,1.79,.55,.42,.16,-.18,.01,"3,038"
.RIOT221014P6,RIOT 100 (Weeklys) 14 OCT 22 6 PUT,.24,+.06,+33.33%,"1,690",.23,.26,.33,.15,-.38,.45,-.06,.00,"3,026"
.KSS221014P26.5,KSS 100 (Weeklys) 14 OCT 22 26.5 PUT,.49,-.04,-7.55%,255,.44,.51,.67,.22,-.37,.21,-.13,.01,"3,000"
.KO221014C55,KO 100 (Weeklys) 14 OCT 22 55 CALL,.45,+.02,+4.65%,"1,189",.44,.46,.76,.35,.39,.23,-.12,.02,"2,939"
.WBA221014P31.5,WBA 100 (Weeklys) 14 OCT 22 31.5 PUT,.64,-.27,-29.67%,149,.65,.69,.76,.53,-.33,.13,-.20,.01,"2,932"
.HOOD221014C10.5,HOOD 100 (Weeklys) 14 OCT 22 10.5 CALL,.30,-.07,-18.92%,"3,515",.30,.31,.40,.11,.49,.48,-.06,.00,"2,928"
.WBA221014P32,WBA 100 (Weeklys) 14 OCT 22 32 PUT,.84,-.29,-25.66%,"1,343",.80,.88,1.10,.66,-.40,.14,-.21,.01,"2,907"
.NCLH221014C12,NCLH 100 (Weeklys) 14 OCT 22 12 CALL,.31,-.16,-34.04%,"1,083",.30,.31,.52,.20,.40,.33,-.09,.00,"2,886"
.GOOGL221014P95,GOOGL 100 (Weeklys) 14 OCT 22 95 PUT,1.01,+.11,+12.22%,"1,577",1.01,1.04,1.32,.53,-.32,.07,-.33,.03,"2,864"
.MARA221014P10,MARA 100 (Weeklys) 14 OCT 22 10 PUT,.43,+.01,+2.38%,"2,257",.44,.47,.72,.31,-.36,.22,-.12,.00,"2,844"
.BABA221014P75,BABA 100 (Weeklys) 14 OCT 22 75 PUT,1.64,+.97,+144.78%,"3,325",1.61,1.70,2.50,1.07,-.44,.08,-.36,.03,"2,825"
.NFLX221014P210,NFLX 100 (Weeklys) 14 OCT 22 210 PUT,4.20,+3.32,+377.27%,"15,935",4.10,4.30,4.70,.87,-.37,.02,-1.14,.07,"2,814"
.TSLA221014P212.5,TSLA 100 (Weeklys) 14 OCT 22 212.5 PUT,4.55,+1.25,+37.88%,"17,059",4.45,4.55,5.32,2.22,-.40,.03,-1.12,.07,"2,777"
.NFLX221014P215,NFLX 100 (Weeklys) 14 OCT 22 215 PUT,6.45,+4.84,+300.62%,"7,960",6.25,6.55,7.00,1.62,-.49,.03,-1.20,.08,"2,775"
.ROKU221014P50,ROKU 100 (Weeklys) 14 OCT 22 50 PUT,1.10,+.36,+48.65%,930,1.11,1.19,1.60,.80,-.34,.08,-.34,.02,"2,764"
.GOOG221014C100,GOOG 100 (Weeklys) 14 OCT 22 100 CALL,1.02,-.38,-27.14%,"5,483",1.00,1.07,1.93,.82,.35,.08,-.32,.03,"2,762"
.VXX221014C22,VXX 100 (Weeklys) 14 OCT 22 22 CALL,.68,+.11,+19.30%,"1,354",.65,.68,.80,.40,.47,.20,-.15,.01,"2,717"
.AAPL221014P136,AAPL 100 (Weeklys) 14 OCT 22 136 PUT,1.30,+.14,+12.07%,"4,931",1.28,1.31,1.68,.75,-.31,.05,-.43,.04,"2,705"
.WBD221014C12,WBD 100 (Weeklys) 14 OCT 22 12 CALL,.18,-.17,-48.57%,698,.16,.18,.35,.13,.33,.45,-.06,.00,"2,653"
.GOOGL221014C99,GOOGL 100 (Weeklys) 14 OCT 22 99 CALL,1.08,-.35,-24.48%,"6,203",1.07,1.09,2.00,.83,.36,.08,-.33,.03,"2,646"
.THC221014P53,THC 100 (Weeklys) 14 OCT 22 53 PUT,1.00,0,0.00%,626,.85,1.60,1.05,1.00,-.46,.12,-.26,.02,"2,618"
.FSR221014P6.5,FSR 100 (Weeklys) 14 OCT 22 6.5 PUT,.16,+.04,+33.33%,539,.14,.16,.19,.08,-.33,.54,-.05,.00,"2,611"
.X221014P19.5,X 100 (Weeklys) 14 OCT 22 19.5 PUT,.53,-.08,-13.11%,530,.53,.56,.83,.44,-.49,.29,-.11,.01,"2,582"
.AMZN221014P111,AMZN 100 (Weeklys) 14 OCT 22 111 PUT,2.00,+.49,+32.45%,"13,755",1.92,2.01,2.94,1.01,-.41,.06,-.48,.04,"2,556"
.MU221014C54,MU 100 (Weeklys) 14 OCT 22 54 CALL,1.19,+.76,+176.74%,"3,519",1.21,1.24,1.85,.20,.50,.12,-.25,.02,"2,505"
.BAC221014C30,BAC 100 (Weeklys) 14 OCT 22 30 CALL,.58,-.54,-48.21%,"5,081",.59,.61,.91,.52,.46,.22,-.14,.01,"2,469"
.TSLA221014C222.5,TSLA 100 (Weeklys) 14 OCT 22 222.5 CALL,3.75,-3.75,-50.00%,"43,071",3.70,3.80,8.50,3.30,.35,.02,-1.16,.07,"2,451"
.AG221014C8.5,AG 100 (Weeklys) 14 OCT 22 8.5 CALL,.15,-.03,-16.67%,419,.12,.15,.27,.10,.33,.55,-.04,.00,"2,443"
.GOOG221014P96,GOOG 100 (Weeklys) 14 OCT 22 96 PUT,1.06,+.16,+17.78%,"1,286",1.02,1.08,1.37,.55,-.32,.07,-.33,.03,"2,427"
.MO221014C45,MO 100 (Weeklys) 14 OCT 22 45 CALL,.32,+.23,+255.56%,"2,704",.30,.35,.61,.15,.33,.24,-.10,.01,"2,422"
.NKE221014P86,NKE 100 (Weeklys) 14 OCT 22 86 PUT,.89,-.48,-35.04%,862,.85,.90,1.73,.75,-.31,.08,-.29,.03,"2,417"
.VXX221014C23,VXX 100 (Weeklys) 14 OCT 22 23 CALL,.39,+.05,+14.71%,603,.39,.43,.50,.25,.31,.16,-.15,.01,"2,399"
.GOOGL221014P97,GOOGL 100 (Weeklys) 14 OCT 22 97 PUT,1.79,+.26,+16.99%,"4,214",1.75,1.81,2.20,.98,-.47,.08,-.36,.03,"2,398"
.FAZE221014P5,FAZE 100 (Weeklys) 14 OCT 22 5 PUT,.30,-.16,-34.78%,164,.15,.40,.45,.25,-.30,.28,-.08,.00,"2,375"
.OXY221014P64,OXY 100 (Weeklys) 14 OCT 22 64 PUT,1.51,+.49,+48.04%,"5,422",1.45,1.52,2.26,.98,-.48,.10,-.29,.02,"2,347"
.AMZN221014C114,AMZN 100 (Weeklys) 14 OCT 22 114 CALL,1.77,-.75,-29.76%,"12,785",1.73,1.80,3.50,1.23,.40,.06,-.48,.04,"2,309"
.KO221014P54,KO 100 (Weeklys) 14 OCT 22 54 PUT,.49,-.02,-3.92%,"1,554",.46,.50,.53,.23,-.39,.22,-.13,.02,"2,254"
.JBLU221014C6.5,JBLU 100 (Weeklys) 14 OCT 22 6.5 CALL,.15,-.09,-37.50%,214,.12,.15,.38,.11,.42,.83,-.04,.00,"2,223"
.PDD221014P55,PDD 100 (Weeklys) 14 OCT 22 55 PUT,1.40,+.55,+64.71%,"1,043",1.36,1.45,1.95,.72,-.42,.09,-.33,.02,"2,211"
.CSCO221014C40,CSCO 100 (Weeklys) 14 OCT 22 40 CALL,.44,-.24,-35.29%,"1,276",.42,.45,.67,.33,.40,.25,-.12,.01,"2,152"
.VXX221014P21,VXX 100 (Weeklys) 14 OCT 22 21 PUT,.36,-.15,-29.41%,"1,506",.31,.38,.63,.30,-.31,.21,-.11,.01,"2,107"
.PTON221014C9,PTON 100 (Weeklys) 14 OCT 22 9 CALL,.30,-.23,-43.40%,705,.30,.32,.55,.18,.44,.39,-.08,.00,"2,093"
.WFC221014P40,WFC 100 (Weeklys) 14 OCT 22 40 PUT,1.10,+.53,+92.98%,"2,318",1.09,1.13,1.19,.74,-.45,.13,-.24,.01,"2,084"
.UPST221014C25,UPST 100 (Weeklys) 14 OCT 22 25 CALL,.61,+.45,+281.25%,"3,890",.58,.62,.96,.08,.32,.12,-.21,.01,"2,066"
.AMZN221014C113,AMZN 100 (Weeklys) 14 OCT 22 113 CALL,2.20,-.85,-27.87%,"15,570",2.17,2.25,4.10,1.55,.46,.06,-.50,.04,"2,065"
.NVDA221014C117,NVDA 100 (Weeklys) 14 OCT 22 117 CALL,3.05,-.65,-17.57%,"9,396",2.99,3.05,4.44,2.00,.47,.04,-.69,.04,"2,012"
.UAL221014P33.5,UAL 100 (Weeklys) 14 OCT 22 33.5 PUT,.84,+.01,+1.20%,721,.84,.90,1.48,.28,-.42,.14,-.20,.01,"2,005"
.DAL221014P28,DAL 100 (Weeklys) 14 OCT 22 28 PUT,.62,+.10,+19.23%,"1,542",.62,.65,.82,.22,-.35,.14,-.18,.01,"1,973"
.ZIM221014C25,ZIM 100 (Weeklys) 14 OCT 22 25 CALL,.40,-.15,-27.27%,123,.35,.40,.60,.20,.30,.17,-.12,.01,"1,972"
.GME221014C26,GME 100 (Weeklys) 14 OCT 22 26 CALL,.60,-.07,-10.45%,"5,253",.53,.60,1.19,.35,.39,.18,-.16,.01,"1,965"
.DAL221014P28.5,DAL 100 (Weeklys) 14 OCT 22 28.5 PUT,.81,+.15,+22.73%,"3,161",.80,.84,1.06,.30,-.42,.15,-.19,.01,"1,960"
.LCID221014C13,LCID 100 (Weeklys) 14 OCT 22 13 CALL,.29,-.02,-6.45%,"4,003",.30,.33,.61,.22,.42,.35,-.08,.00,"1,936"
.XPEV221014C9.5,XPEV 100 (Weeklys) 14 OCT 22 9.5 CALL,.31,-.14,-31.11%,"2,814",.30,.32,.72,.27,.46,.42,-.07,.00,"1,915"
.SNOW221014P150,SNOW 100 (Weeklys) 14 OCT 22 150 PUT,3.90,+1.28,+48.85%,"3,304",3.80,4.00,8.20,2.85,-.38,.03,-1.02,.05,"1,905"
.COIN221014P70,COIN 100 (Weeklys) 14 OCT 22 70 PUT,3.50,-1.50,-30.00%,"2,932",3.35,3.55,6.35,2.30,-.47,.04,-.68,.02,"1,899"
.LOW221014C200,LOW 100 (Weeklys) 14 OCT 22 200 CALL,2.00,+.50,+33.33%,602,1.83,1.98,2.57,1.40,.35,.04,-.59,.06,"1,874"
.GOOG221014C99,GOOG 100 (Weeklys) 14 OCT 22 99 CALL,1.44,-.44,-23.40%,"1,233",1.41,1.48,2.51,1.17,.43,.08,-.36,.03,"1,796"
.NFLX221014P207.5,NFLX 100 (Weeklys) 14 OCT 22 207.5 PUT,3.34,+2.71,+430.16%,"2,804",3.25,3.35,3.71,.67,-.31,.02,-1.06,.07,"1,776"
.MSFT221014C230,MSFT 100 (Weeklys) 14 OCT 22 230 CALL,2.18,-1.82,-45.50%,"15,045",2.18,2.29,3.75,1.89,.34,.04,-.71,.07,"1,771"
.BA221014C134,BA 100 (Weeklys) 14 OCT 22 134 CALL,2.24,-.41,-15.47%,"1,419",2.19,2.28,4.10,1.61,.35,.04,-.70,.04,"1,771"
.ZS221014P145,ZS 100 (Weeklys) 14 OCT 22 145 PUT,3.43,+2.03,+145.00%,"1,411",3.00,3.25,4.55,2.34,-.36,.03,-.87,.05,"1,766"
.DAL221014C30,DAL 100 (Weeklys) 14 OCT 22 30 CALL,.52,-.25,-32.47%,"4,006",.50,.52,1.45,.40,.34,.15,-.17,.01,"1,732"
.COIN221014C75,COIN 100 (Weeklys) 14 OCT 22 75 CALL,1.65,+.86,+108.86%,"9,412",1.60,1.70,2.36,.55,.32,.04,-.58,.02,"1,705"
.GOOG221014P97,GOOG 100 (Weeklys) 14 OCT 22 97 PUT,1.49,+.34,+29.57%,925,1.37,1.43,1.78,.76,-.40,.08,-.35,.03,"1,663"
.C221014P40,C 100 (Weeklys) 14 OCT 22 40 PUT,1.05,+.40,+61.54%,"1,110",1.05,1.09,1.08,.72,-.42,.12,-.25,.01,"1,647"
.PEP221014P160,PEP 100 (Weeklys) 14 OCT 22 160 PUT,1.58,-.19,-10.73%,"2,154",1.51,1.58,2.19,.94,-.34,.06,-.46,.05,"1,610"
.XOM221014P96,XOM 100 (Weeklys) 14 OCT 22 96 PUT,.94,+.08,+9.30%,"1,907",.87,.94,1.48,.50,-.31,.08,-.30,.03,"1,603"
.X221014C20,X 100 (Weeklys) 14 OCT 22 20 CALL,.28,-.04,-12.50%,"1,283",.28,.30,.41,.17,.36,.30,-.09,.01,"1,600"
.LI221014P19,LI 100 (Weeklys) 14 OCT 22 19 PUT,.41,-.41,-50.00%,"1,006",.38,.44,.89,.25,-.34,.22,-.12,.01,"1,594"
.NVDA221014P112,NVDA 100 (Weeklys) 14 OCT 22 112 PUT,1.96,0,0.00%,"4,595",1.93,1.96,3.30,1.34,-.32,.04,-.61,.04,"1,588"
.M221014C18,M 100 (Weeklys) 14 OCT 22 18 CALL,.29,+.08,+38.10%,593,.28,.31,.61,.14,.37,.31,-.09,.01,"1,572"
.C221014C42,C 100 (Weeklys) 14 OCT 22 42 CALL,.63,-.47,-42.73%,"1,778",.62,.66,1.93,.63,.33,.12,-.21,.01,"1,558"
.JPM221014P100,JPM 100 (Weeklys) 14 OCT 22 100 PUT,1.90,+.96,+102.13%,"1,306",1.86,1.96,1.95,1.09,-.37,.05,-.52,.03,"1,555"
.GOLD221014P15,GOLD 100 (Weeklys) 14 OCT 22 15 PUT,.28,+.07,+33.33%,997,.27,.29,.28,.15,-.49,.56,-.06,.01,"1,554"
.BA221014C135,BA 100 (Weeklys) 14 OCT 22 135 CALL,1.88,-.24,-11.32%,"7,869",1.80,1.96,3.50,1.31,.31,.04,-.65,.04,"1,551"
.GME221014C26.5,GME 100 (Weeklys) 14 OCT 22 26.5 CALL,.44,-.11,-20.00%,"2,109",.42,.46,.97,.28,.32,.16,-.15,.01,"1,536"
.FUTU221014P35,FUTU 100 (Weeklys) 14 OCT 22 35 PUT,1.21,+.13,+12.04%,12,1.12,1.18,1.31,.96,-.48,.14,-.23,.01,"1,534"
.NVDA221014P116,NVDA 100 (Weeklys) 14 OCT 22 116 PUT,3.58,+.16,+4.68%,"4,360",3.55,3.65,5.46,2.58,-.49,.04,-.68,.04,"1,531"
.SLB221014C42,SLB 100 (Weeklys) 14 OCT 22 42 CALL,.76,-.36,-32.14%,441,.75,.79,1.04,.63,.47,.18,-.17,.01,"1,528"
.XOM221014C99,XOM 100 (Weeklys) 14 OCT 22 99 CALL,1.23,-.63,-33.87%,"1,643",1.21,1.29,2.16,.92,.42,.09,-.32,.03,"1,519"
.CHPT221014C14.5,CHPT 100 (Weeklys) 14 OCT 22 14.5 CALL,.25,-.05,-16.67%,"2,656",.23,.25,.30,.11,.30,.27,-.09,.00,"1,508"
.ABT221014P101,ABT 100 (Weeklys) 14 OCT 22 101 PUT,1.12,-.53,-32.12%,57,1.27,1.44,2.01,1.12,-.42,.09,-.32,.04,"1,508"
.RIOT221014C6.5,RIOT 100 (Weeklys) 14 OCT 22 6.5 CALL,.19,-.07,-26.92%,"7,096",.19,.20,.28,.13,.38,.48,-.06,.00,"1,507"
.PLUG221014P19,PLUG 100 (Weeklys) 14 OCT 22 19 PUT,.48,-.03,-5.88%,963,.45,.50,.80,.41,-.33,.17,-.14,.01,"1,494"
.NIO221014C13,NIO 100 (Weeklys) 14 OCT 22 13 CALL,.39,-.30,-43.48%,"6,600",.39,.41,.73,.32,.44,.31,-.10,.00,"1,469"
.DKNG221014P13.5,DKNG 100 (Weeklys) 14 OCT 22 13.5 PUT,.52,+.15,+40.54%,"2,586",.50,.55,1.16,.34,-.44,.26,-.12,.00,"1,455"
.LI221014C20,LI 100 (Weeklys) 14 OCT 22 20 CALL,.53,+.23,+76.67%,"3,203",.51,.55,.98,.17,.43,.22,-.13,.01,"1,450"
.NVDA221014C118,NVDA 100 (Weeklys) 14 OCT 22 118 CALL,2.58,-.57,-18.10%,"7,381",2.55,2.59,3.90,1.68,.42,.04,-.66,.04,"1,443"
.CVS221014C90,CVS 100 (Weeklys) 14 OCT 22 90 CALL,.66,-.07,-9.59%,"2,027",.64,.73,1.25,.37,.33,.11,-.22,.03,"1,435"
.UAL221014C34.5,UAL 100 (Weeklys) 14 OCT 22 34.5 CALL,.84,-.13,-13.40%,181,.81,.86,1.37,.46,.43,.14,-.21,.01,"1,433"
.UBER221014P24,UBER 100 (Weeklys) 14 OCT 22 24 PUT,.56,+.49,+700.00%,"8,074",.55,.58,1.61,.15,-.36,.17,-.16,.01,"1,420"
.WBA221014C33,WBA 100 (Weeklys) 14 OCT 22 33 CALL,.96,+.40,+71.43%,586,.91,.95,1.16,.60,.46,.14,-.21,.01,"1,417"
.LCID221014P12.5,LCID 100 (Weeklys) 14 OCT 22 12.5 PUT,.40,-.12,-23.08%,"2,586",.37,.40,.77,.22,-.41,.32,-.09,.00,"1,416"
.GOOGL221014P96,GOOGL 100 (Weeklys) 14 OCT 22 96 PUT,1.34,+.21,+18.58%,"4,226",1.31,1.38,1.70,.73,-.39,.08,-.35,.03,"1,409"
.OXY221014C65,OXY 100 (Weeklys) 14 OCT 22 65 CALL,1.11,-1.04,-48.37%,"3,275",1.08,1.15,1.81,.75,.42,.10,-.29,.02,"1,406"
.MSFT221014P222.5,MSFT 100 (Weeklys) 14 OCT 22 222.5 PUT,2.87,+1.04,+56.83%,"6,314",2.78,2.89,3.46,1.67,-.38,.04,-.76,.08,"1,393"
.PCG221014C14.5,PCG 100 (Weeklys) 14 OCT 22 14.5 CALL,.17,+.01,+6.25%,684,.16,.18,.21,.12,.36,.52,-.05,.00,"1,391"
.LOW221014P195,LOW 100 (Weeklys) 14 OCT 22 195 PUT,2.80,-.35,-11.11%,69,2.60,2.84,3.60,2.07,-.42,.05,-.65,.07,"1,385"
.CVX221014C160,CVX 100 (Weeklys) 14 OCT 22 160 CALL,1.48,-.12,-7.50%,"1,524",1.30,1.46,2.55,.61,.34,.06,-.44,.05,"1,358"
.GOOGL221014C98,GOOGL 100 (Weeklys) 14 OCT 22 98 CALL,1.48,-.36,-19.57%,"4,936",1.48,1.50,2.60,1.17,.44,.08,-.36,.03,"1,337"
.VXX221014P21.5,VXX 100 (Weeklys) 14 OCT 22 21.5 PUT,.60,-.20,-25.00%,166,.59,.63,.94,.54,-.43,.21,-.14,.01,"1,337"
.DIS221014C95,DIS 100 (Weeklys) 14 OCT 22 95 CALL,1.01,-.99,-49.50%,"1,690",.94,1.00,1.80,.88,.34,.09,-.31,.03,"1,336"
.MO221014C44.5,MO 100 (Weeklys) 14 OCT 22 44.5 CALL,.47,+.28,+147.37%,"1,725",.49,.54,1.00,.20,.46,.27,-.11,.02,"1,321"
.AFRM221014C20,AFRM 100 (Weeklys) 14 OCT 22 20 CALL,.69,+.24,+53.33%,"1,290",.68,.72,.98,.19,.43,.16,-.18,.01,"1,307"
.CAG221014C34,CAG 100 (Weeklys) 14 OCT 22 34 CALL,.29,+.05,+20.83%,399,.25,.35,.36,.20,.45,.45,-.07,.01,"1,306"
.M221014P17,M 100 (Weeklys) 14 OCT 22 17 PUT,.27,-.14,-34.15%,"1,643",.26,.27,.50,.13,-.32,.29,-.08,.01,"1,302"
.ENPH221014P250,ENPH 100 (Weeklys) 14 OCT 22 250 PUT,5.90,+.40,+7.27%,918,5.60,5.90,9.70,4.72,-.37,.02,-1.55,.09,"1,294"
.PTON221014P8.5,PTON 100 (Weeklys) 14 OCT 22 8.5 PUT,.28,+.03,+12.00%,"1,823",.28,.30,.58,.19,-.37,.36,-.08,.00,"1,294"
.ZM221014C74,ZM 100 (Weeklys) 14 OCT 22 74 CALL,1.65,-.54,-24.66%,"1,107",1.85,2.00,2.32,.85,.49,.08,-.40,.03,"1,293"
.CVNA221014P17.5,CVNA 100 (Weeklys) 14 OCT 22 17.5 PUT,.70,-.20,-22.22%,760,.65,.75,1.10,.41,-.35,.13,-.20,.01,"1,291"
.CVNA221014C20,CVNA 100 (Weeklys) 14 OCT 22 20 CALL,.50,-.05,-9.09%,"1,644",.45,.55,1.00,.26,.31,.13,-.18,.01,"1,285"
.DVN221014C70,DVN 100 (Weeklys) 14 OCT 22 70 CALL,1.12,-1.08,-49.09%,"1,149",1.05,1.14,2.10,.99,.38,.09,-.31,.02,"1,280"
.C221014P40.5,C 100 (Weeklys) 14 OCT 22 40.5 PUT,1.26,+.50,+65.79%,747,1.27,1.30,1.30,.86,-.48,.12,-.25,.01,"1,280"
.XPEV221014P9,XPEV 100 (Weeklys) 14 OCT 22 9 PUT,.19,+.01,+5.56%,565,.18,.20,.30,.10,-.32,.42,-.06,.00,"1,280"
.OXY221014C66,OXY 100 (Weeklys) 14 OCT 22 66 CALL,.75,-.77,-50.66%,"5,743",.74,.78,1.32,.52,.32,.09,-.26,.02,"1,273"
.PYPL221014P82,PYPL 100 (Weeklys) 14 OCT 22 82 PUT,1.72,+.38,+28.36%,"4,216",1.68,1.78,3.50,1.21,-.40,.07,-.43,.03,"1,259"
.PLUG221014P19.5,PLUG 100 (Weeklys) 14 OCT 22 19.5 PUT,.67,-.04,-5.63%,644,.64,.66,1.06,.57,-.42,.20,-.15,.01,"1,242"
.TSLA221014C217.5,TSLA 100 (Weeklys) 14 OCT 22 217.5 CALL,5.95,-4.50,-43.06%,"9,489",5.85,6.00,11.65,5.30,.47,.02,-1.32,.08,"1,231"
.APA221014C42,APA 100 (Weeklys) 14 OCT 22 42 CALL,.60,-.44,-42.31%,168,.60,.63,1.03,.53,.32,.12,-.21,.01,"1,230"
.SBUX221014P86,SBUX 100 (Weeklys) 14 OCT 22 86 PUT,1.40,+.45,+47.37%,676,1.37,1.42,1.70,.99,-.47,.11,-.29,.03,"1,228"
.BAC221014P29.5,BAC 100 (Weeklys) 14 OCT 22 29.5 PUT,.61,+.32,+110.34%,"2,145",.59,.62,.67,.32,-.43,.21,-.14,.01,"1,228"
.COST221014P465,COST 100 (Weeklys) 14 OCT 22 465 PUT,4.49,-2.12,-32.07%,564,4.25,4.50,7.85,3.15,-.34,.02,-1.31,.15,"1,226"
.WMT221014C134,WMT 100 (Weeklys) 14 OCT 22 134 CALL,1.07,+.79,+282.14%,"6,783",1.05,1.10,1.60,.24,.38,.09,-.30,.04,"1,224"
.BA221014P129,BA 100 (Weeklys) 14 OCT 22 129 PUT,2.30,0,0.00%,561,2.16,2.31,3.10,1.06,-.44,.06,-.50,.05,"1,213"
.VZ221014P35.5,VZ 100 (Weeklys) 14 OCT 22 35.5 PUT,.29,+.14,+93.33%,256,.28,.29,.29,.16,-.35,.31,-.09,.01,"1,213"
.PARA221014C18.5,PARA 100 (Weeklys) 14 OCT 22 18.5 CALL,.34,-.20,-37.04%,161,.33,.36,.53,.31,.43,.35,-.09,.01,"1,212"
.TMUS221014P135,TMUS 100 (Weeklys) 14 OCT 22 135 PUT,1.16,+.25,+27.47%,24,1.05,1.20,1.16,.79,-.33,.07,-.35,.04,"1,201"
.CLF221014P15,CLF 100 (Weeklys) 14 OCT 22 15 PUT,.30,+.07,+30.43%,474,.29,.32,.40,.21,-.37,.32,-.08,.01,"1,200"
.RIVN221014C32.5,RIVN 100 (Weeklys) 14 OCT 22 32.5 CALL,1.09,+.26,+31.33%,"1,593",1.04,1.10,1.88,.59,.50,.14,-.22,.01,"1,190"
.CS221014P4,CS 100 (Weeklys) 14 OCT 22 4 PUT,.13,+.03,+30.00%,"3,693",.10,.15,.15,.05,-.31,.59,-.04,.00,"1,189"
.DWAC221014C17,DWAC 100 (Weeklys) 14 OCT 22 17 CALL,.18,-.10,-35.71%,65,.17,.31,.29,.14,.30,.27,-.08,.01,"1,182"
.PYPL221014C86,PYPL 100 (Weeklys) 14 OCT 22 86 CALL,1.06,-.72,-40.45%,"1,529",1.03,1.11,1.74,.40,.32,.07,-.36,.03,"1,178"
.COST221014C480,COST 100 (Weeklys) 14 OCT 22 480 CALL,4.00,+1.58,+65.29%,762,3.85,4.20,6.05,1.91,.34,.02,-1.26,.15,"1,176"
.KMI221014P17,KMI 100 (Weeklys) 14 OCT 22 17 PUT,.17,-.06,-26.09%,651,.15,.17,.32,.10,-.37,.62,-.04,.01,"1,172"
.WBA221014C33.5,WBA 100 (Weeklys) 14 OCT 22 33.5 CALL,.70,+.28,+66.67%,677,.69,.73,.86,.43,.39,.14,-.20,.01,"1,168"
.AR221014C35,AR 100 (Weeklys) 14 OCT 22 35 CALL,.43,+.07,+19.44%,712,.40,.55,1.00,.35,.33,.16,-.16,.01,"1,163"
.RIVN221014P31,RIVN 100 (Weeklys) 14 OCT 22 31 PUT,.63,-.45,-41.67%,"2,558",.60,.64,1.30,.34,-.31,.12,-.20,.01,"1,150"
.QCOM221014P110,QCOM 100 (Weeklys) 14 OCT 22 110 PUT,2.72,+1.57,+136.52%,"1,290",2.65,2.71,3.38,1.66,-.48,.06,-.53,.04,"1,135"
.PCG221014P14,PCG 100 (Weeklys) 14 OCT 22 14 PUT,.22,-.01,-4.35%,230,.17,.19,.42,.16,-.36,.54,-.05,.00,"1,134"
.DIS221014P93,DIS 100 (Weeklys) 14 OCT 22 93 PUT,1.75,+.84,+92.31%,"2,038",1.69,1.79,1.95,.95,-.48,.09,-.35,.03,"1,128"
.NVDA221014P113,NVDA 100 (Weeklys) 14 OCT 22 113 PUT,2.26,-.01,-0.44%,"7,674",2.27,2.31,3.80,1.60,-.36,.04,-.64,.04,"1,127"
.MRK221014C92,MRK 100 (Weeklys) 14 OCT 22 92 CALL,.60,+.20,+50.00%,888,.59,.64,1.03,.30,.36,.15,-.18,.03,"1,125"
.UPST221014C24,UPST 100 (Weeklys) 14 OCT 22 24 CALL,.93,+.65,+232.14%,"1,849",.88,.96,1.36,.16,.44,.13,-.23,.01,"1,115"
.WMT221014C133,WMT 100 (Weeklys) 14 OCT 22 133 CALL,1.54,+1.12,+266.67%,"2,138",1.50,1.57,2.15,.42,.48,.09,-.33,.05,"1,114"
.JNJ221014P162.5,JNJ 100 (Weeklys) 14 OCT 22 162.5 PUT,1.41,-1.38,-49.46%,552,1.50,1.66,1.96,1.06,-.47,.09,-.33,.06,"1,094"
.ABT221014P100,ABT 100 (Weeklys) 14 OCT 22 100 PUT,1.01,-.37,-26.81%,21,.88,1.05,1.58,.70,-.33,.08,-.30,.03,"1,094"
.PYPL221014P83,PYPL 100 (Weeklys) 14 OCT 22 83 PUT,2.12,+.42,+24.71%,"5,625",2.12,2.20,4.20,1.54,-.47,.07,-.43,.03,"1,080"
.TWLO221014P67,TWLO 100 (Weeklys) 14 OCT 22 67 PUT,2.31,+1.41,+156.67%,313,1.95,2.20,2.55,.91,-.42,.06,-.48,.02,"1,078"
.WBA221014C34,WBA 100 (Weeklys) 14 OCT 22 34 CALL,.54,+.25,+86.21%,365,.51,.55,.65,.32,.32,.13,-.18,.01,"1,071"
.RTX221014P83,RTX 100 (Weeklys) 14 OCT 22 83 PUT,.64,-.06,-8.57%,219,.56,.70,1.07,.42,-.30,.11,-.21,.03,"1,069"
.MS221014P75,MS 100 (Weeklys) 14 OCT 22 75 PUT,1.29,+.43,+50.00%,136,1.17,1.28,1.36,.84,-.34,.07,-.37,.02,"1,067"
.BAX221014C56,BAX 100 (Weeklys) 14 OCT 22 56 CALL,.75,+.20,+36.36%,6,.70,.85,.75,.75,.47,.18,-.17,.02,"1,062"
.FDX221014P150,FDX 100 (Weeklys) 14 OCT 22 150 PUT,2.04,+.30,+17.24%,417,1.84,2.10,2.60,1.29,-.38,.05,-.53,.05,"1,060"
.NVAX221014C20,NVAX 100 (Weeklys) 14 OCT 22 20 CALL,.82,+.32,+64.00%,"4,763",.73,.90,2.40,.23,.41,.13,-.23,.01,"1,057"
.CVX221014P155,CVX 100 (Weeklys) 14 OCT 22 155 PUT,1.82,-.09,-4.71%,627,1.70,1.90,3.20,.96,-.37,.05,-.50,.05,"1,056"
.PEP221014C165,PEP 100 (Weeklys) 14 OCT 22 165 CALL,1.52,+.22,+16.92%,"1,658",1.50,1.60,2.09,1.10,.36,.06,-.46,.05,"1,055"
.TGT221014C157.5,TGT 100 (Weeklys) 14 OCT 22 157.5 CALL,1.45,+.25,+20.83%,898,1.44,1.52,3.00,1.09,.34,.05,-.47,.05,"1,053"
.JPM221014P99,JPM 100 (Weeklys) 14 OCT 22 99 PUT,1.49,+.72,+93.51%,485,1.52,1.61,1.50,.90,-.32,.05,-.49,.03,"1,053"
.DVN221014P68,DVN 100 (Weeklys) 14 OCT 22 68 PUT,1.43,+.43,+43.00%,353,1.40,1.49,1.90,.85,-.44,.09,-.33,.02,"1,041"
.BYND221014P14,BYND 100 (Weeklys) 14 OCT 22 14 PUT,.71,-.19,-21.11%,213,.61,.68,.93,.48,-.45,.22,-.13,.00,"1,035"
.NVDA221014P114,NVDA 100 (Weeklys) 14 OCT 22 114 PUT,2.68,+.04,+1.52%,"8,755",2.65,2.70,4.27,1.89,-.40,.04,-.66,.04,"1,034"
.ATVI221014C74,ATVI 100 (Weeklys) 14 OCT 22 74 CALL,.27,-.28,-50.91%,170,.21,.41,.65,.23,.37,.30,-.09,.02,"1,033"
.PDD221014C56,PDD 100 (Weeklys) 14 OCT 22 56 CALL,1.64,-1.72,-51.19%,216,1.60,1.65,3.20,1.50,.49,.09,-.34,.02,"1,023"
.PYPL221014C85,PYPL 100 (Weeklys) 14 OCT 22 85 CALL,1.42,-.83,-36.89%,"2,029",1.38,1.44,2.19,.57,.38,.07,-.40,.03,"1,017"
.FCX221014P28.5,FCX 100 (Weeklys) 14 OCT 22 28.5 PUT,.59,+.07,+13.46%,99,.52,.56,.93,.35,-.36,.18,-.15,.01,"1,012"
.VLO221014C110,VLO 100 (Weeklys) 14 OCT 22 110 CALL,2.41,-.84,-25.85%,25,2.20,2.48,3.42,2.07,.50,.07,-.47,.04,"1,011"
.SYY221014C74,SYY 100 (Weeklys) 14 OCT 22 74 CALL,.77,+.32,+71.11%,1,.75,1.00,.77,.77,.43,.14,-.21,.03,"1,007"
.SHOP221014P24.5,SHOP 100 (Weeklys) 14 OCT 22 24.5 PUT,.55,+.19,+52.78%,443,.51,.55,.81,.33,-.30,.13,-.17,.01,"1,007"
.COIN221014C71,COIN 100 (Weeklys) 14 OCT 22 71 CALL,3.20,+1.49,+87.13%,"1,791",3.10,3.20,4.25,1.25,.49,.05,-.69,.02,"1,005"
.JD221014C48,JD 100 (Weeklys) 14 OCT 22 48 CALL,.58,-.63,-52.07%,"1,017",.54,.62,.92,.44,.30,.11,-.20,.01,"1,000"
